,Store,ListPrice,InstoreListPrice,SalePrice,InstoreSalePrice,CUPListPrice,InstoreCUPListPrice,CUPSalePrice,InstoreCUPSalePrice,HideWasSavedPrice,IsRanged,IsInStock,IsForCollection,IsForDelivery,IsForExpress,IsSpecial,IsAvailable,InstoreIsAvailable,IsPurchasable,InstoreIsPurchasable,IsOnSpecial,InstoreIsOnSpecial,IsNew
0,"{'Division': 'SUPERMARKETS', 'StoreNo': '3969', 'Name': 'Glen', 'AddressLine1': '235 Springvale Rd', 'AddressLine2': None, 'Suburb': 'Glen Waverly', 'State': 'VIC', 'Postcode': '3150', 'Latitude': '-37.87457946', 'Longitude': '145.16472898', 'GeoLevel': '0', 'Distance': '0.96', 'Phone': '(03) 8841 7636', 'GMTZone': '11:0', 'TradingHours': [{'Day': 'Today', 'OpenHour': '7:00 AM - 10:00 PM', 'TradingHourForDisplay': 'Mon: 0700-2200'}, {'Day': 'Tomorrow', 'OpenHour': '8:00 AM - 10:00 PM', 'TradingHourForDisplay': 'Tue: 0800-2200'}, {'Day': 'Wednesday', 'OpenHour': '8:00 AM - 8:00 PM', 'TradingHourForDisplay': 'Wed: 0800-2000'}, {'Day': 'Thursday', 'OpenHour': '8:00 AM - 8:00 PM', 'TradingHourForDisplay': 'Thu: 0800-2000'}, {'Day': 'Friday', 'OpenHour': '8:00 AM - 8:00 PM', 'TradingHourForDisplay': 'Fri: 0800-2000'}, {'Day': 'Saturday', 'OpenHour': '7:00 AM - 10:00 PM', 'TradingHourForDisplay': 'Sat: 0700-2200'}, {'Day': 'Sunday', 'OpenHour': '7:00 AM - 10:00 PM', 'TradingHourForDisplay': 'Sun: 0700-2200'}, {'Day': 'Monday', 'OpenHour': '7:00 AM - 10:00 PM', 'TradingHourForDisplay': 'Mon: 0700-2200'}], 'Facilities': ['Cut on Demand', 'Seafood', 'Pick up', 'Liquor (Adjacent BWS)', 'Click and Collect']}",0.88,0.88,0.88,0.88,5,5,5,5,False,False,True,True,True,False,False,True,True,True,True,False,False,False
1,"{'Division': 'SUPERMARKETS', 'StoreNo': '3146', 'Name': 'Wheelers Hill', 'AddressLine1': 'Wheelers Hill Shopping Centre, 190-200 Jells Road', 'AddressLine2': None, 'Suburb': 'Wheelers Hill', 'State': 'VIC', 'Postcode': '3150', 'Latitude': '-37.909903', 'Longitude': '145.189624', 'GeoLevel': '0', 'Distance': '3.53', 'Phone': '(03) 8551 8765', 'GMTZone': '11:0', 'TradingHours': [{'Day': 'Today', 'OpenHour': '7:00 AM - 11:00 PM', 'TradingHourForDisplay': 'Mon: 0700-2300'}, {'Day': 'Tomorrow', 'OpenHour': '8:00 AM - 11:00 PM', 'TradingHourForDisplay': 'Tue: 0800-2300'}, {'Day': 'Wednesday', 'OpenHour': '8:00 AM - 8:00 PM', 'TradingHourForDisplay': 'Wed: 0800-2000'}, {'Day': 'Thursday', 'OpenHour': '8:00 AM - 8:00 PM', 'TradingHourForDisplay': 'Thu: 0800-2000'}, {'Day': 'Friday', 'OpenHour': '8:00 AM - 8:00 PM', 'TradingHourForDisplay': 'Fri: 0800-2000'}, {'Day': 'Saturday', 'OpenHour': '7:00 AM - 11:00 PM', 'TradingHourForDisplay': 'Sat: 0700-2300'}, {'Day': 'Sunday', 'OpenHour': '7:00 AM - 11:00 PM', 'TradingHourForDisplay': 'Sun: 0700-2300'}, {'Day': 'Monday', 'OpenHour': '7:00 AM - 11:00 PM', 'TradingHourForDisplay': 'Mon: 0700-2300'}], 'Facilities': ['Pick up', 'Click and Collect']}",0.0,0.0,0.0,0.0,0,0,0,0,False,True,False,False,False,False,False,False,False,False,False,False,False,False
2,"{'Division': 'SUPERMARKETS', 'StoreNo': '3122', 'Name': 'Mount Waverley', 'AddressLine1': '64 Virginia Street', 'AddressLine2': None, 'Suburb': 'Mount Waverley', 'State': 'VIC', 'Postcode': '3149', 'Latitude': '-37.878427', 'Longitude': '145.127522', 'GeoLevel': '0', 'Distance': '3.73', 'Phone': '(03) 8347 5846', 'GMTZone': '11:0', 'TradingHours': [{'Day': 'Today', 'OpenHour': '7:00 AM - 10:00 PM', 'TradingHourForDisplay': 'Mon: 0700-2200'}, {'Day': 'Tomorrow', 'OpenHour': '8:00 AM - 10:00 PM', 'TradingHourForDisplay': 'Tue: 0800-2200'}, {'Day': 'Wednesday', 'OpenHour': '8:00 AM - 8:00 PM', 'TradingHourForDisplay': 'Wed: 0800-2000'}, {'Day': 'Thursday', 'OpenHour': '8:00 AM - 8:00 PM', 'TradingHourForDisplay': 'Thu: 0800-2000'}, {'Day': 'Friday', 'OpenHour': '8:00 AM - 8:00 PM', 'TradingHourForDisplay': 'Fri: 0800-2000'}, {'Day': 'Saturday', 'OpenHour': '7:00 AM - 9:00 PM', 'TradingHourForDisplay': 'Sat: 0700-2100'}, {'Day': 'Sunday', 'OpenHour': '7:00 AM - 9:00 PM', 'TradingHourForDisplay': 'Sun: 0700-2100'}, {'Day': 'Monday', 'OpenHour': '7:00 AM - 10:00 PM', 'TradingHourForDisplay': 'Mon: 0700-2200'}], 'Facilities': ['Pick up', 'Liquor (Adjacent BWS)', 'Australia Post Parcel Locker', 'Seafood', 'Click and Collect']}",0.88,0.88,0.88,0.88,5,5,5,5,False,False,True,True,True,False,False,True,True,True,True,False,False,False
3,"{'Division': 'SUPERMARKETS', 'StoreNo': '3209', 'Name': 'Burwood East', 'AddressLine1': '42-50 Burwood Highway', 'AddressLine2': None, 'Suburb': 'Burwood East', 'State': 'VIC', 'Postcode': '3151', 'Latitude': '-37.852321', 'Longitude': '145.134588', 'GeoLevel': '0', 'Distance': '4.54', 'Phone': '(03) 8347 5852', 'GMTZone': '11:0', 'TradingHours': [{'Day': 'Today', 'OpenHour': '7:00 AM - 12:00 AM', 'TradingHourForDisplay': 'Mon: 0700-0000'}, {'Day': 'Tomorrow', 'OpenHour': '8:00 AM - 12:00 AM', 'TradingHourForDisplay': 'Tue: 0800-0000'}, {'Day': 'Wednesday', 'OpenHour': '8:00 AM - 8:00 PM', 'TradingHourForDisplay': 'Wed: 0800-2000'}, {'Day': 'Thursday', 'OpenHour': '8:00 AM - 8:00 PM', 'TradingHourForDisplay': 'Thu: 0800-2000'}, {'Day': 'Friday', 'OpenHour': '8:00 AM - 8:00 PM', 'TradingHourForDisplay': 'Fri: 0800-2000'}, {'Day': 'Saturday', 'OpenHour': '7:00 AM - 12:00 AM', 'TradingHourForDisplay': 'Sat: 0700-0000'}, {'Day': 'Sunday', 'OpenHour': '7:00 AM - 12:00 AM', 'TradingHourForDisplay': 'Sun: 0700-0000'}, {'Day': 'Monday', 'OpenHour': '7:00 AM - 12:00 AM', 'TradingHourForDisplay': 'Mon: 0700-0000'}], 'Facilities': ['Seafood', 'Pick up', 'Liquor (Adjacent BWS)', 'Click and Collect']}",0.88,0.88,0.88,0.88,5,5,5,5,False,False,True,True,True,False,False,True,True,True,True,False,False,False
4,"{'Division': 'SUPERMARKETS', 'StoreNo': '3060', 'Name': 'Burwood Brickworks', 'AddressLine1': '78 Middleborough Road, Burwood East', 'AddressLine2': None, 'Suburb': 'Burwood East', 'State': 'VIC', 'Postcode': '3151', 'Latitude': '-37.852531', 'Longitude': '145.132233', 'GeoLevel': '0', 'Distance': '4.67', 'Phone': '(03) 9624 6292', 'GMTZone': '11:0', 'TradingHours': [{'Day': 'Today', 'OpenHour': '7:00 AM - 12:00 AM', 'TradingHourForDisplay': 'Mon: 0700-0000'}, {'Day': 'Tomorrow', 'OpenHour': '8:00 AM - 12:00 AM', 'TradingHourForDisplay': 'Tue: 0800-0000'}, {'Day': 'Wednesday', 'OpenHour': '8:00 AM - 8:00 PM', 'TradingHourForDisplay': 'Wed: 0800-2000'}, {'Day': 'Thursday', 'OpenHour': '8:00 AM - 8:00 PM', 'TradingHourForDisplay': 'Thu: 0800-2000'}, {'Day': 'Friday', 'OpenHour': '8:00 AM - 8:00 PM', 'TradingHourForDisplay': 'Fri: 0800-2000'}, {'Day': 'Saturday', 'OpenHour': '7:00 AM - 12:00 AM', 'TradingHourForDisplay': 'Sat: 0700-0000'}, {'Day': 'Sunday', 'OpenHour': '7:00 AM - 12:00 AM', 'TradingHourForDisplay': 'Sun: 0700-0000'}, {'Day': 'Monday', 'OpenHour': '7:00 AM - 12:00 AM', 'TradingHourForDisplay': 'Mon: 0700-0000'}], 'Facilities': ['Pick up', 'Seafood', 'Liquor (Adjacent BWS)', 'Click and Collect']}",0.0,0.0,0.0,0.0,0,0,0,0,False,True,False,False,False,False,False,False,False,False,False,False,False,False
5,"{'Division': 'SUPERMARKETS', 'StoreNo': '3150', 'Name': 'Forest Hill', 'AddressLine1': '270 Canterbury Road', 'AddressLine2': None, 'Suburb': 'Forest Hill', 'State': 'VIC', 'Postcode': '3131', 'Latitude': '-37.8361435', 'Longitude': '145.16517219', 'GeoLevel': '0', 'Distance': '5.15', 'Phone': '(03) 8841 7621', 'GMTZone': '11:0', 'TradingHours': [{'Day': 'Today', 'OpenHour': '7:00 AM - 10:00 PM', 'TradingHourForDisplay': 'Mon: 0700-2200'}, {'Day': 'Tomorrow', 'OpenHour': '8:00 AM - 10:00 PM', 'TradingHourForDisplay': 'Tue: 0800-2200'}, {'Day': 'Wednesday', 'OpenHour': '8:00 AM - 8:00 PM', 'TradingHourForDisplay': 'Wed: 0800-2000'}, {'Day': 'Thursday', 'OpenHour': '8:00 AM - 8:00 PM', 'TradingHourForDisplay': 'Thu: 0800-2000'}, {'Day': 'Friday', 'OpenHour': '8:00 AM - 8:00 PM', 'TradingHourForDisplay': 'Fri: 0800-2000'}, {'Day': 'Saturday', 'OpenHour': '7:00 AM - 10:00 PM', 'TradingHourForDisplay': 'Sat: 0700-2200'}, {'Day': 'Sunday', 'OpenHour': '7:00 AM - 10:00 PM', 'TradingHourForDisplay': 'Sun: 0700-2200'}, {'Day': 'Monday', 'OpenHour': '7:00 AM - 10:00 PM', 'TradingHourForDisplay': 'Mon: 0700-2200'}], 'Facilities': ['WiFi', 'Liquor (Adjacent BWS)', 'Pick up', 'Seafood', 'Click and Collect']}",0.0,0.0,0.0,0.0,0,0,0,0,False,False,True,False,False,False,False,False,False,False,False,False,False,False
6,"{'Division': 'SUPERMARKETS', 'StoreNo': '3173', 'Name': 'Vermont', 'AddressLine1': 'Cnr Stevens And Canterbury Roads', 'AddressLine2': None, 'Suburb': 'Vermont', 'State': 'VIC', 'Postcode': '3133', 'Latitude': '-37.83627297', 'Longitude': '145.185186', 'GeoLevel': '0', 'Distance': '5.3', 'Phone': '(03) 8841 7624', 'GMTZone': '11:0', 'TradingHours': [{'Day': 'Today', 'OpenHour': '6:00 AM - 12:00 AM', 'TradingHourForDisplay': 'Mon: 0600-0000'}, {'Day': 'Tomorrow', 'OpenHour': '8:00 AM - 8:00 PM', 'TradingHourForDisplay': 'Tue: 0800-2000'}, {'Day': 'Wednesday', 'OpenHour': '8:00 AM - 8:00 PM', 'TradingHourForDisplay': 'Wed: 0800-2000'}, {'Day': 'Thursday', 'OpenHour': '8:00 AM - 8:00 PM', 'TradingHourForDisplay': 'Thu: 0800-2000'}, {'Day': 'Friday', 'OpenHour': '8:00 AM - 8:00 PM', 'TradingHourForDisplay': 'Fri: 0800-2000'}, {'Day': 'Saturday', 'OpenHour': '6:00 AM - 12:00 AM', 'TradingHourForDisplay': 'Sat: 0600-0000'}, {'Day': 'Sunday', 'OpenHour': '6:00 AM - 12:00 AM', 'TradingHourForDisplay': 'Sun: 0600-0000'}, {'Day': 'Monday', 'OpenHour': '6:00 AM - 12:00 AM', 'TradingHourForDisplay': 'Mon: 0600-0000'}], 'Facilities': ['Pick up - Drive Up', 'Quiet Hour', 'Sushi Bar', 'Australia Post Parcel Locker', 'Pick up', 'Liquor (Adjacent BWS)', 'Click and Collect']}",0.88,0.88,0.88,0.88,5,5,5,5,False,False,True,True,True,False,False,True,True,True,True,False,False,False
7,"{'Division': 'SUPERMARKETS', 'StoreNo': '3282', 'Name': 'Scoresby', 'AddressLine1': '1385 Ferntree Gully Road', 'AddressLine2': None, 'Suburb': 'Scoresby', 'State': 'VIC', 'Postcode': '3179', 'Latitude': '-37.898444', 'Longitude': '145.231682', 'GeoLevel': '0', 'Distance': '5.73', 'Phone': '(03) 8756 2434', 'GMTZone': '11:0', 'TradingHours': [{'Day': 'Today', 'OpenHour': '7:00 AM - 10:00 PM', 'TradingHourForDisplay': 'Mon: 0700-2200'}, {'Day': 'Tomorrow', 'OpenHour': '8:00 AM - 10:00 PM', 'TradingHourForDisplay': 'Tue: 0800-2200'}, {'Day': 'Wednesday', 'OpenHour': '8:00 AM - 8:00 PM', 'TradingHourForDisplay': 'Wed: 0800-2000'}, {'Day': 'Thursday', 'OpenHour': '8:00 AM - 8:00 PM', 'TradingHourForDisplay': 'Thu: 0800-2000'}, {'Day': 'Friday', 'OpenHour': '8:00 AM - 8:00 PM', 'TradingHourForDisplay': 'Fri: 0800-2000'}, {'Day': 'Saturday', 'OpenHour': '7:00 AM - 10:00 PM', 'TradingHourForDisplay': 'Sat: 0700-2200'}, {'Day': 'Sunday', 'OpenHour': '7:00 AM - 10:00 PM', 'TradingHourForDisplay': 'Sun: 0700-2200'}, {'Day': 'Monday', 'OpenHour': '7:00 AM - 10:00 PM', 'TradingHourForDisplay': 'Mon: 0700-2200'}], 'Facilities': ['Liquor (Adjacent BWS)', 'Pick up', 'Australia Post Parcel Locker', 'Click and Collect']}",0.0,0.0,0.0,0.0,0,0,0,0,False,True,False,False,False,False,False,False,False,False,False,False,False,False
8,"{'Division': 'SUPERMARKETS', 'StoreNo': '3327', 'Name': 'Blackburn South', 'AddressLine1': '117-125 Canterbury Road', 'AddressLine2': None, 'Suburb': 'Blackburn South', 'State': 'VIC', 'Postcode': '3130', 'Latitude': '-37.83147915', 'Longitude': '145.14733742', 'GeoLevel': '0', 'Distance': '5.98', 'Phone': '(03) 8841 7633', 'GMTZone': '11:0', 'TradingHours': [{'Day': 'Today', 'OpenHour': '7:00 AM - 12:00 AM', 'TradingHourForDisplay': 'Mon: 0700-0000'}, {'Day': 'Tomorrow', 'OpenHour': '8:00 AM - 12:00 AM', 'TradingHourForDisplay': 'Tue: 0800-0000'}, {'Day': 'Wednesday', 'OpenHour': '8:00 AM - 8:00 PM', 'TradingHourForDisplay': 'Wed: 0800-2000'}, {'Day': 'Thursday', 'OpenHour': '8:00 AM - 8:00 PM', 'TradingHourForDisplay': 'Thu: 0800-2000'}, {'Day': 'Friday', 'OpenHour': '8:00 AM - 8:00 PM', 'TradingHourForDisplay': 'Fri: 0800-2000'}, {'Day': 'Saturday', 'OpenHour': '7:00 AM - 12:00 AM', 'TradingHourForDisplay': 'Sat: 0700-0000'}, {'Day': 'Sunday', 'OpenHour': '7:00 AM - 12:00 AM', 'TradingHourForDisplay': 'Sun: 0700-0000'}, {'Day': 'Monday', 'OpenHour': '7:00 AM - 12:00 AM', 'TradingHourForDisplay': 'Mon: 0700-0000'}], 'Facilities': ['Australia Post Parcel Locker', 'Seafood', 'Pick up', 'Liquor (Adjacent BWS)', 'Pick up - Drive Thru', 'Click and Collect', 'Click and Collect - Drive Thru']}",0.88,0.88,0.88,0.88,5,5,5,5,False,False,True,True,True,False,False,True,True,True,True,False,False,False
9,"{'Division': 'SUPERMARKETS', 'StoreNo': '3130', 'Name': 'Waverley Gardens (Mulgrave)', 'AddressLine1': '271 Police Road', 'AddressLine2': None, 'Suburb': 'Mulgrave', 'State': 'VIC', 'Postcode': '3170', 'Latitude': '-37.9376', 'Longitude': '145.193', 'GeoLevel': '0', 'Distance': '6.48', 'Phone': '(03) 8551 8762', 'GMTZone': '11:0', 'TradingHours': [{'Day': 'Today', 'OpenHour': '7:00 AM - 12:00 AM', 'TradingHourForDisplay': 'Mon: 0700-0000'}, {'Day': 'Tomorrow', 'OpenHour': '8:00 AM - 12:00 AM', 'TradingHourForDisplay': 'Tue: 0800-0000'}, {'Day': 'Wednesday', 'OpenHour': '8:00 AM - 8:00 PM', 'TradingHourForDisplay': 'Wed: 0800-2000'}, {'Day': 'Thursday', 'OpenHour': '8:00 AM - 8:00 PM', 'TradingHourForDisplay': 'Thu: 0800-2000'}, {'Day': 'Friday', 'OpenHour': '8:00 AM - 8:00 PM', 'TradingHourForDisplay': 'Fri: 0800-2000'}, {'Day': 'Saturday', 'OpenHour': '7:00 AM - 12:00 AM', 'TradingHourForDisplay': 'Sat: 0700-0000'}, {'Day': 'Sunday', 'OpenHour': '7:00 AM - 12:00 AM', 'TradingHourForDisplay': 'Sun: 0700-0000'}, {'Day': 'Monday', 'OpenHour': '7:00 AM - 12:00 AM', 'TradingHourForDisplay': 'Mon: 0700-0000'}], 'Facilities': ['Pick up', 'Currently being renovated', 'Seafood', 'Liquor (Adjacent BWS)', 'Cut on Demand', 'Quiet Hour', 'Click and Collect']}",0.88,0.88,0.88,0.88,5,5,5,5,False,False,True,True,True,False,False,True,True,True,True,False,False,False
10,"{'Division': 'SUPERMARKETS', 'StoreNo': '3205', 'Name': 'Ashwood', 'AddressLine1': '551-557 Warrigal Road', 'AddressLine2': None, 'Suburb': 'Ashwood', 'State': 'VIC', 'Postcode': '3147', 'Latitude': '-37.866443', 'Longitude': '145.093759', 'GeoLevel': '0', 'Distance': '6.89', 'Phone': '(03) 8347 6506', 'GMTZone': '11:0', 'TradingHours': [{'Day': 'Today', 'OpenHour': '6:00 AM - 11:00 PM', 'TradingHourForDisplay': 'Mon: 0600-2300'}, {'Day': 'Tomorrow', 'OpenHour': '8:00 AM - 11:00 PM', 'TradingHourForDisplay': 'Tue: 0800-2300'}, {'Day': 'Wednesday', 'OpenHour': '8:00 AM - 8:00 PM', 'TradingHourForDisplay': 'Wed: 0800-2000'}, {'Day': 'Thursday', 'OpenHour': '8:00 AM - 8:00 PM', 'TradingHourForDisplay': 'Thu: 0800-2000'}, {'Day': 'Friday', 'OpenHour': '8:00 AM - 8:00 PM', 'TradingHourForDisplay': 'Fri: 0800-2000'}, {'Day': 'Saturday', 'OpenHour': '6:00 AM - 11:00 PM', 'TradingHourForDisplay': 'Sat: 0600-2300'}, {'Day': 'Sunday', 'OpenHour': '6:00 AM - 11:00 PM', 'TradingHourForDisplay': 'Sun: 0600-2300'}, {'Day': 'Monday', 'OpenHour': '6:00 AM - 11:00 PM', 'TradingHourForDisplay': 'Mon: 0600-2300'}], 'Facilities': ['Seafood', 'Liquor (Adjacent BWS)', 'Coffee Shop', 'Sushi Bar', 'Cut on Demand', 'Pick up', 'Click and Collect']}",0.0,0.0,0.0,0.0,0,0,0,0,False,True,False,False,False,False,False,False,False,False,False,False,False,False
11,"{'Division': 'SUPERMARKETS', 'StoreNo': '3151', 'Name': 'Stud Park', 'AddressLine1': 'Stud Park Shopping Centre , Stud Road', 'AddressLine2': None, 'Suburb': 'Rowville', 'State': 'VIC', 'Postcode': '3178', 'Latitude': '-37.92105194', 'Longitude': '145.23527085', 'GeoLevel': '0', 'Distance': '7.19', 'Phone': '(03) 8756 2419', 'GMTZone': '11:0', 'TradingHours': [{'Day': 'Today', 'OpenHour': '6:00 AM - 12:00 AM', 'TradingHourForDisplay': 'Mon: 0600-0000'}, {'Day': 'Tomorrow', 'OpenHour': '8:00 AM - 12:00 AM', 'TradingHourForDisplay': 'Tue: 0800-0000'}, {'Day': 'Wednesday', 'OpenHour': '8:00 AM - 8:00 PM', 'TradingHourForDisplay': 'Wed: 0800-2000'}, {'Day': 'Thursday', 'OpenHour': '8:00 AM - 8:00 PM', 'TradingHourForDisplay': 'Thu: 0800-2000'}, {'Day': 'Friday', 'OpenHour': '8:00 AM - 8:00 PM', 'TradingHourForDisplay': 'Fri: 0800-2000'}, {'Day': 'Saturday', 'OpenHour': '6:00 AM - 12:00 AM', 'TradingHourForDisplay': 'Sat: 0600-0000'}, {'Day': 'Sunday', 'OpenHour': '6:00 AM - 12:00 AM', 'TradingHourForDisplay': 'Sun: 0600-0000'}, {'Day': 'Monday', 'OpenHour': '6:00 AM - 12:00 AM', 'TradingHourForDisplay': 'Mon: 0600-0000'}], 'Facilities': ['Cut on Demand', 'Pick up', 'Liquor (Adjacent BWS)', 'EziBuy Online Order Collection', 'eBay Online Order Collection', 'Seafood', 'Click and Collect']}",0.88,0.88,0.88,0.88,5,5,5,5,False,False,True,True,True,False,False,True,True,True,True,False,False,False
12,"{'Division': 'SUPERMARKETS', 'StoreNo': '3368', 'Name': 'Oakleigh', 'AddressLine1': 'Oakleigh Central Shopping Centre, Station Square, Station Street', 'AddressLine2': None, 'Suburb': 'Oakleigh', 'State': 'VIC', 'Postcode': '3166', 'Latitude': '-37.90089799', 'Longitude': '145.089907', 'GeoLevel': '0', 'Distance': '7.3', 'Phone': '(03) 8347 6551', 'GMTZone': '11:0', 'TradingHours': [{'Day': 'Today', 'OpenHour': '7:00 AM - 10:00 PM', 'TradingHourForDisplay': 'Mon: 0700-2200'}, {'Day': 'Tomorrow', 'OpenHour': '8:00 AM - 10:00 PM', 'TradingHourForDisplay': 'Tue: 0800-2200'}, {'Day': 'Wednesday', 'OpenHour': '8:00 AM - 8:00 PM', 'TradingHourForDisplay': 'Wed: 0800-2000'}, {'Day': 'Thursday', 'OpenHour': '8:00 AM - 8:00 PM', 'TradingHourForDisplay': 'Thu: 0800-2000'}, {'Day': 'Friday', 'OpenHour': '8:00 AM - 8:00 PM', 'TradingHourForDisplay': 'Fri: 0800-2000'}, {'Day': 'Saturday', 'OpenHour': '7:00 AM - 10:00 PM', 'TradingHourForDisplay': 'Sat: 0700-2200'}, {'Day': 'Sunday', 'OpenHour': '7:00 AM - 10:00 PM', 'TradingHourForDisplay': 'Sun: 0700-2200'}, {'Day': 'Monday', 'OpenHour': '7:00 AM - 10:00 PM', 'TradingHourForDisplay': 'Mon: 0700-2200'}], 'Facilities': ['Liquor (Adjacent BWS)', 'Seafood', 'Pick up', 'Click and Collect']}",0.88,0.88,0.88,0.88,5,5,5,5,False,False,True,True,True,False,False,True,True,True,True,False,False,False
13,"{'Division': 'SUPERMARKETS', 'StoreNo': '3335', 'Name': 'Chadstone', 'AddressLine1': '1341 Dandenong Road', 'AddressLine2': None, 'Suburb': 'Chadstone', 'State': 'VIC', 'Postcode': '3148', 'Latitude': '-37.88718765', 'Longitude': '145.08298675', 'GeoLevel': '0', 'Distance': '7.63', 'Phone': '(03) 8347 6545', 'GMTZone': '11:0', 'TradingHours': [{'Day': 'Today', 'OpenHour': '7:00 AM - 11:00 PM', 'TradingHourForDisplay': 'Mon: 0700-2300'}, {'Day': 'Tomorrow', 'OpenHour': '8:00 AM - 11:00 PM', 'TradingHourForDisplay': 'Tue: 0800-2300'}, {'Day': 'Wednesday', 'OpenHour': '8:00 AM - 8:00 PM', 'TradingHourForDisplay': 'Wed: 0800-2000'}, {'Day': 'Thursday', 'OpenHour': '8:00 AM - 8:00 PM', 'TradingHourForDisplay': 'Thu: 0800-2000'}, {'Day': 'Friday', 'OpenHour': '8:00 AM - 8:00 PM', 'TradingHourForDisplay': 'Fri: 0800-2000'}, {'Day': 'Saturday', 'OpenHour': '7:00 AM - 11:00 PM', 'TradingHourForDisplay': 'Sat: 0700-2300'}, {'Day': 'Sunday', 'OpenHour': '7:00 AM - 11:00 PM', 'TradingHourForDisplay': 'Sun: 0700-2300'}, {'Day': 'Monday', 'OpenHour': '7:00 AM - 11:00 PM', 'TradingHourForDisplay': 'Mon: 0700-2300'}], 'Facilities': ['eBay Online Order Collection', 'WiFi', 'Pick up', 'EziBuy Online Order Collection', 'Liquor (Adjacent BWS)', 'Seafood', 'Click and Collect']}",0.88,0.88,0.88,0.88,5,5,5,5,False,False,True,True,True,False,False,True,True,True,True,False,False,False
14,"{'Division': 'SUPERMARKETS', 'StoreNo': '3235', 'Name': 'Blackburn North', 'AddressLine1': '66-104 Springfield Road', 'AddressLine2': None, 'Suburb': 'Blackburn North', 'State': 'VIC', 'Postcode': '3130', 'Latitude': '-37.81233542', 'Longitude': '145.15276147', 'GeoLevel': '0', 'Distance': '7.92', 'Phone': '(03) 8841 7627', 'GMTZone': '11:0', 'TradingHours': [{'Day': 'Today', 'OpenHour': '7:00 AM - 10:00 PM', 'TradingHourForDisplay': 'Mon: 0700-2200'}, {'Day': 'Tomorrow', 'OpenHour': '8:00 AM - 10:00 PM', 'TradingHourForDisplay': 'Tue: 0800-2200'}, {'Day': 'Wednesday', 'OpenHour': '8:00 AM - 8:00 PM', 'TradingHourForDisplay': 'Wed: 0800-2000'}, {'Day': 'Thursday', 'OpenHour': '8:00 AM - 8:00 PM', 'TradingHourForDisplay': 'Thu: 0800-2000'}, {'Day': 'Friday', 'OpenHour': '8:00 AM - 8:00 PM', 'TradingHourForDisplay': 'Fri: 0800-2000'}, {'Day': 'Saturday', 'OpenHour': '7:00 AM - 10:00 PM', 'TradingHourForDisplay': 'Sat: 0700-2200'}, {'Day': 'Sunday', 'OpenHour': '7:00 AM - 10:00 PM', 'TradingHourForDisplay': 'Sun: 0700-2200'}, {'Day': 'Monday', 'OpenHour': '7:00 AM - 10:00 PM', 'TradingHourForDisplay': 'Mon: 0700-2200'}], 'Facilities': ['Liquor (Adjacent BWS)', 'Pick up', 'Seafood', 'Click and Collect']}",0.88,0.88,0.88,0.88,5,5,5,5,False,False,True,True,True,False,False,True,True,True,True,False,False,False
15,"{'Division': 'SUPERMARKETS', 'StoreNo': '3192', 'Name': 'Springvale', 'AddressLine1': '302 Springvale Road', 'AddressLine2': None, 'Suburb': 'Springvale', 'State': 'VIC', 'Postcode': '3171', 'Latitude': '-37.953473', 'Longitude': '145.151956', 'GeoLevel': '0', 'Distance': '8.07', 'Phone': '(03) 8551 8768', 'GMTZone': '11:0', 'TradingHours': [{'Day': 'Today', 'OpenHour': '7:00 AM - 12:00 AM', 'TradingHourForDisplay': 'Mon: 0700-0000'}, {'Day': 'Tomorrow', 'OpenHour': '8:00 AM - 12:00 AM', 'TradingHourForDisplay': 'Tue: 0800-0000'}, {'Day': 'Wednesday', 'OpenHour': '8:00 AM - 8:00 PM', 'TradingHourForDisplay': 'Wed: 0800-2000'}, {'Day': 'Thursday', 'OpenHour': '8:00 AM - 8:00 PM', 'TradingHourForDisplay': 'Thu: 0800-2000'}, {'Day': 'Friday', 'OpenHour': '8:00 AM - 8:00 PM', 'TradingHourForDisplay': 'Fri: 0800-2000'}, {'Day': 'Saturday', 'OpenHour': '7:00 AM - 12:00 AM', 'TradingHourForDisplay': 'Sat: 0700-0000'}, {'Day': 'Sunday', 'OpenHour': '7:00 AM - 12:00 AM', 'TradingHourForDisplay': 'Sun: 0700-0000'}, {'Day': 'Monday', 'OpenHour': '7:00 AM - 12:00 AM', 'TradingHourForDisplay': 'Mon: 0700-0000'}], 'Facilities': ['Pick up', 'Seafood', 'Liquor (Adjacent BWS)', 'Quiet Hour', 'Click and Collect']}",0.88,0.88,0.88,0.88,5,5,5,5,False,False,True,True,True,False,False,True,True,True,True,False,False,False
16,"{'Division': 'SUPERMARKETS', 'StoreNo': '3202', 'Name': 'Box Hill', 'AddressLine1': 'Cnr Main & Station Street', 'AddressLine2': None, 'Suburb': 'Box Hill', 'State': 'VIC', 'Postcode': '3128', 'Latitude': '-37.81922699', 'Longitude': '145.123605', 'GeoLevel': '0', 'Distance': '8.1', 'Phone': '(03) 8347 5849', 'GMTZone': '11:0', 'TradingHours': [{'Day': 'Today', 'OpenHour': '7:00 AM - 10:00 PM', 'TradingHourForDisplay': 'Mon: 0700-2200'}, {'Day': 'Tomorrow', 'OpenHour': '8:00 AM - 10:00 PM', 'TradingHourForDisplay': 'Tue: 0800-2200'}, {'Day': 'Wednesday', 'OpenHour': '8:00 AM - 8:00 PM', 'TradingHourForDisplay': 'Wed: 0800-2000'}, {'Day': 'Thursday', 'OpenHour': '8:00 AM - 8:00 PM', 'TradingHourForDisplay': 'Thu: 0800-2000'}, {'Day': 'Friday', 'OpenHour': '8:00 AM - 8:00 PM', 'TradingHourForDisplay': 'Fri: 0800-2000'}, {'Day': 'Saturday', 'OpenHour': '7:00 AM - 10:00 PM', 'TradingHourForDisplay': 'Sat: 0700-2200'}, {'Day': 'Sunday', 'OpenHour': '7:00 AM - 10:00 PM', 'TradingHourForDisplay': 'Sun: 0700-2200'}, {'Day': 'Monday', 'OpenHour': '7:00 AM - 10:00 PM', 'TradingHourForDisplay': 'Mon: 0700-2200'}], 'Facilities': ['Pick up', 'Liquor (Adjacent BWS)', 'Seafood', 'Sushi Bar', 'Click and Collect']}",0.0,0.0,0.0,0.0,0,0,0,0,False,True,False,False,False,False,False,False,False,False,False,False,False,False
17,"{'Division': 'SUPERMARKETS', 'StoreNo': '3295', 'Name': 'Oakleigh South', 'AddressLine1': 'Cnr Warrigal and Centre Roads', 'AddressLine2': None, 'Suburb': 'Oakleigh South', 'State': 'VIC', 'Postcode': '3167', 'Latitude': '-37.92199', 'Longitude': '145.08370882', 'GeoLevel': '0', 'Distance': '8.74', 'Phone': '(03) 8347 6631', 'GMTZone': '11:0', 'TradingHours': [{'Day': 'Today', 'OpenHour': '7:00 AM - 10:00 PM', 'TradingHourForDisplay': 'Mon: 0700-2200'}, {'Day': 'Tomorrow', 'OpenHour': '8:00 AM - 10:00 PM', 'TradingHourForDisplay': 'Tue: 0800-2200'}, {'Day': 'Wednesday', 'OpenHour': '8:00 AM - 8:00 PM', 'TradingHourForDisplay': 'Wed: 0800-2000'}, {'Day': 'Thursday', 'OpenHour': '8:00 AM - 8:00 PM', 'TradingHourForDisplay': 'Thu: 0800-2000'}, {'Day': 'Friday', 'OpenHour': '8:00 AM - 8:00 PM', 'TradingHourForDisplay': 'Fri: 0800-2000'}, {'Day': 'Saturday', 'OpenHour': '7:00 AM - 10:00 PM', 'TradingHourForDisplay': 'Sat: 0700-2200'}, {'Day': 'Sunday', 'OpenHour': '7:00 AM - 10:00 PM', 'TradingHourForDisplay': 'Sun: 0700-2200'}, {'Day': 'Monday', 'OpenHour': '7:00 AM - 10:00 PM', 'TradingHourForDisplay': 'Mon: 0700-2200'}], 'Facilities': ['Sushi Bar', 'Seafood', 'Currently being renovated', 'Liquor (Adjacent BWS)', 'Pick up', 'WiFi', 'Cut on Demand', 'Click and Collect']}",0.0,0.0,0.0,0.0,0,0,0,0,False,True,False,False,False,False,False,False,False,False,False,False,False,False
18,"{'Division': 'SUPERMARKETS', 'StoreNo': '3283', 'Name': 'Clarinda', 'AddressLine1': 'Cnr Bourke Road And Viney Street', 'AddressLine2': None, 'Suburb': 'Clarinda', 'State': 'VIC', 'Postcode': '3169', 'Latitude': '-37.94114497', 'Longitude': '145.101765', 'GeoLevel': '0', 'Distance': '8.85', 'Phone': '(03) 8551 8771', 'GMTZone': '11:0', 'TradingHours': [{'Day': 'Today', 'OpenHour': '7:00 AM - 11:00 PM', 'TradingHourForDisplay': 'Mon: 0700-2300'}, {'Day': 'Tomorrow', 'OpenHour': '8:00 AM - 11:00 PM', 'TradingHourForDisplay': 'Tue: 0800-2300'}, {'Day': 'Wednesday', 'OpenHour': '8:00 AM - 8:00 PM', 'TradingHourForDisplay': 'Wed: 0800-2000'}, {'Day': 'Thursday', 'OpenHour': '8:00 AM - 8:00 PM', 'TradingHourForDisplay': 'Thu: 0800-2000'}, {'Day': 'Friday', 'OpenHour': '8:00 AM - 8:00 PM', 'TradingHourForDisplay': 'Fri: 0800-2000'}, {'Day': 'Saturday', 'OpenHour': '7:00 AM - 11:00 PM', 'TradingHourForDisplay': 'Sat: 0700-2300'}, {'Day': 'Sunday', 'OpenHour': '7:00 AM - 11:00 PM', 'TradingHourForDisplay': 'Sun: 0700-2300'}, {'Day': 'Monday', 'OpenHour': '7:00 AM - 11:00 PM', 'TradingHourForDisplay': 'Mon: 0700-2300'}], 'Facilities': ['Australia Post Parcel Locker', 'Seafood', 'Liquor (Adjacent BWS)', 'eBay Online Order Collection', 'Pick up', 'Pick up - Drive Up', 'Click and Collect']}",0.88,0.88,0.88,0.88,5,5,5,5,False,False,True,True,True,False,False,True,True,True,True,False,False,False
19,"{'Division': 'SUPERMARKETS', 'StoreNo': '3149', 'Name': 'Eastland (Ringwood VIC)', 'AddressLine1': '171 Maroondah Highway', 'AddressLine2': None, 'Suburb': 'Ringwood', 'State': 'VIC', 'Postcode': '3134', 'Latitude': '-37.813836', 'Longitude': '145.228674', 'GeoLevel': '0', 'Distance': '9.21', 'Phone': '(03) 8841 7618', 'GMTZone': '11:0', 'TradingHours': [{'Day': 'Today', 'OpenHour': '7:00 AM - 10:00 PM', 'TradingHourForDisplay': 'Mon: 0700-2200'}, {'Day': 'Tomorrow', 'OpenHour': '8:00 AM - 10:00 PM', 'TradingHourForDisplay': 'Tue: 0800-2200'}, {'Day': 'Wednesday', 'OpenHour': '8:00 AM - 8:00 PM', 'TradingHourForDisplay': 'Wed: 0800-2000'}, {'Day': 'Thursday', 'OpenHour': '8:00 AM - 8:00 PM', 'TradingHourForDisplay': 'Thu: 0800-2000'}, {'Day': 'Friday', 'OpenHour': '8:00 AM - 8:00 PM', 'TradingHourForDisplay': 'Fri: 0800-2000'}, {'Day': 'Saturday', 'OpenHour': '7:00 AM - 9:00 PM', 'TradingHourForDisplay': 'Sat: 0700-2100'}, {'Day': 'Sunday', 'OpenHour': '7:00 AM - 9:00 PM', 'TradingHourForDisplay': 'Sun: 0700-2100'}, {'Day': 'Monday', 'OpenHour': '7:00 AM - 10:00 PM', 'TradingHourForDisplay': 'Mon: 0700-2200'}], 'Facilities': ['Cut on Demand', 'Pick up', 'Quiet Hour', 'Currently being renovated', 'Sushi Bar', 'Liquor (Adjacent BWS)', 'WiFi', 'Seafood', 'Click and Collect']}",0.88,0.88,0.88,0.88,5,5,5,5,False,False,True,True,True,False,False,True,True,True,True,False,False,False
20,"{'Division': 'SUPERMARKETS', 'StoreNo': '3141', 'Name': 'Bayswater', 'AddressLine1': '659 Mountain Highway', 'AddressLine2': None, 'Suburb': 'Bayswater', 'State': 'VIC', 'Postcode': '3153', 'Latitude': '-37.841636', 'Longitude': '145.262362', 'GeoLevel': '0', 'Distance': '9.31', 'Phone': '(03) 8756 2413', 'GMTZone': '11:0', 'TradingHours': [{'Day': 'Today', 'OpenHour': '7:00 AM - 11:00 PM', 'TradingHourForDisplay': 'Mon: 0700-2300'}, {'Day': 'Tomorrow', 'OpenHour': '8:00 AM - 11:00 PM', 'TradingHourForDisplay': 'Tue: 0800-2300'}, {'Day': 'Wednesday', 'OpenHour': '8:00 AM - 8:00 PM', 'TradingHourForDisplay': 'Wed: 0800-2000'}, {'Day': 'Thursday', 'OpenHour': '8:00 AM - 8:00 PM', 'TradingHourForDisplay': 'Thu: 0800-2000'}, {'Day': 'Friday', 'OpenHour': '8:00 AM - 8:00 PM', 'TradingHourForDisplay': 'Fri: 0800-2000'}, {'Day': 'Saturday', 'OpenHour': '7:00 AM - 11:00 PM', 'TradingHourForDisplay': 'Sat: 0700-2300'}, {'Day': 'Sunday', 'OpenHour': '7:00 AM - 11:00 PM', 'TradingHourForDisplay': 'Sun: 0700-2300'}, {'Day': 'Monday', 'OpenHour': '7:00 AM - 11:00 PM', 'TradingHourForDisplay': 'Mon: 0700-2300'}], 'Facilities': ['Liquor (Adjacent BWS)', 'Seafood', 'Pick up', 'Click and Collect']}",0.0,0.0,0.0,0.0,0,0,0,0,False,True,False,False,False,False,False,False,False,False,False,False,False,False
21,"{'Division': 'SUPERMARKETS', 'StoreNo': '3382', 'Name': 'Mountain Gate (Ferntree Gully)', 'AddressLine1': 'Cnr Burwood Highway And Ferntree Gully Road', 'AddressLine2': None, 'Suburb': 'Ferntree Gully', 'State': 'VIC', 'Postcode': '3156', 'Latitude': '-37.88284', 'Longitude': '145.277575', 'GeoLevel': '0', 'Distance': '9.47', 'Phone': '(03) 8756 2440', 'GMTZone': '11:0', 'TradingHours': [{'Day': 'Today', 'OpenHour': '6:00 AM - 11:00 PM', 'TradingHourForDisplay': 'Mon: 0600-2300'}, {'Day': 'Tomorrow', 'OpenHour': '8:00 AM - 11:00 PM', 'TradingHourForDisplay': 'Tue: 0800-2300'}, {'Day': 'Wednesday', 'OpenHour': '8:00 AM - 8:00 PM', 'TradingHourForDisplay': 'Wed: 0800-2000'}, {'Day': 'Thursday', 'OpenHour': '8:00 AM - 8:00 PM', 'TradingHourForDisplay': 'Thu: 0800-2000'}, {'Day': 'Friday', 'OpenHour': '8:00 AM - 8:00 PM', 'TradingHourForDisplay': 'Fri: 0800-2000'}, {'Day': 'Saturday', 'OpenHour': '6:00 AM - 11:00 PM', 'TradingHourForDisplay': 'Sat: 0600-2300'}, {'Day': 'Sunday', 'OpenHour': '6:00 AM - 11:00 PM', 'TradingHourForDisplay': 'Sun: 0600-2300'}, {'Day': 'Monday', 'OpenHour': '6:00 AM - 11:00 PM', 'TradingHourForDisplay': 'Mon: 0600-2300'}], 'Facilities': ['Pick up', 'Seafood', 'Australia Post Parcel Locker', 'Quiet Hour', 'Liquor (Adjacent BWS)', 'Click and Collect']}",0.88,0.88,0.88,0.88,5,5,5,5,False,False,True,True,True,False,False,True,True,True,True,False,False,False
22,"{'Division': 'SUPERMARKETS', 'StoreNo': '3405', 'Name': 'Middle Camberwell', 'AddressLine1': '752 Riversdale Road', 'AddressLine2': None, 'Suburb': 'Camberwell', 'State': 'VIC', 'Postcode': '3124', 'Latitude': '-37.833861', 'Longitude': '145.07722', 'GeoLevel': '0', 'Distance': '9.74', 'Phone': '(03) 8347 6560', 'GMTZone': '11:0', 'TradingHours': [{'Day': 'Today', 'OpenHour': '6:00 AM - 12:00 AM', 'TradingHourForDisplay': 'Mon: 0600-0000'}, {'Day': 'Tomorrow', 'OpenHour': '8:00 AM - 12:00 AM', 'TradingHourForDisplay': 'Tue: 0800-0000'}, {'Day': 'Wednesday', 'OpenHour': '8:00 AM - 8:00 PM', 'TradingHourForDisplay': 'Wed: 0800-2000'}, {'Day': 'Thursday', 'OpenHour': '8:00 AM - 8:00 PM', 'TradingHourForDisplay': 'Thu: 0800-2000'}, {'Day': 'Friday', 'OpenHour': '8:00 AM - 8:00 PM', 'TradingHourForDisplay': 'Fri: 0800-2000'}, {'Day': 'Saturday', 'OpenHour': '6:00 AM - 12:00 AM', 'TradingHourForDisplay': 'Sat: 0600-0000'}, {'Day': 'Sunday', 'OpenHour': '6:00 AM - 12:00 AM', 'TradingHourForDisplay': 'Sun: 0600-0000'}, {'Day': 'Monday', 'OpenHour': '6:00 AM - 12:00 AM', 'TradingHourForDisplay': 'Mon: 0600-0000'}], 'Facilities': ['Liquor (Adjacent BWS)', 'Pick up', 'Click and Collect']}",0.88,0.88,0.88,0.88,5,5,5,5,False,False,True,True,True,False,False,True,True,True,True,False,False,False
23,"{'Division': 'SUPERMARKETS', 'StoreNo': '3298', 'Name': 'Carnegie North', 'AddressLine1': '2/20 Koornang Road', 'AddressLine2': None, 'Suburb': 'Carnegie', 'State': 'VIC', 'Postcode': '3163', 'Latitude': '-37.88449', 'Longitude': '145.058147', 'GeoLevel': '0', 'Distance': '9.79', 'Phone': '(03) 8347 6521', 'GMTZone': '11:0', 'TradingHours': [{'Day': 'Today', 'OpenHour': '7:00 AM - 12:00 AM', 'TradingHourForDisplay': 'Mon: 0700-0000'}, {'Day': 'Tomorrow', 'OpenHour': '8:00 AM - 12:00 AM', 'TradingHourForDisplay': 'Tue: 0800-0000'}, {'Day': 'Wednesday', 'OpenHour': '8:00 AM - 8:00 PM', 'TradingHourForDisplay': 'Wed: 0800-2000'}, {'Day': 'Thursday', 'OpenHour': '8:00 AM - 8:00 PM', 'TradingHourForDisplay': 'Thu: 0800-2000'}, {'Day': 'Friday', 'OpenHour': '8:00 AM - 8:00 PM', 'TradingHourForDisplay': 'Fri: 0800-2000'}, {'Day': 'Saturday', 'OpenHour': '7:00 AM - 12:00 AM', 'TradingHourForDisplay': 'Sat: 0700-0000'}, {'Day': 'Sunday', 'OpenHour': '7:00 AM - 12:00 AM', 'TradingHourForDisplay': 'Sun: 0700-0000'}, {'Day': 'Monday', 'OpenHour': '7:00 AM - 12:00 AM', 'TradingHourForDisplay': 'Mon: 0700-0000'}], 'Facilities': ['Sushi Bar', 'EziBuy Online Order Collection', 'eBay Online Order Collection', 'Liquor (Adjacent BWS)', 'Seafood', 'Pick up', 'Click and Collect']}",0.88,0.88,0.88,0.88,5,5,5,5,False,False,True,True,True,False,False,True,True,True,True,False,False,False
24,"{'Division': 'SUPERMARKETS', 'StoreNo': '3251', 'Name': 'Carnegie', 'AddressLine1': '11-29 Kokaribb Road', 'AddressLine2': None, 'Suburb': 'Carnegie', 'State': 'VIC', 'Postcode': '3163', 'Latitude': '-37.887827', 'Longitude': '145.056661', 'GeoLevel': '0', 'Distance': '9.94', 'Phone': '(03) 8347 6515', 'GMTZone': '11:0', 'TradingHours': [{'Day': 'Today', 'OpenHour': '7:00 AM - 12:00 AM', 'TradingHourForDisplay': 'Mon: 0700-0000'}, {'Day': 'Tomorrow', 'OpenHour': '8:00 AM - 12:00 AM', 'TradingHourForDisplay': 'Tue: 0800-0000'}, {'Day': 'Wednesday', 'OpenHour': '8:00 AM - 8:00 PM', 'TradingHourForDisplay': 'Wed: 0800-2000'}, {'Day': 'Thursday', 'OpenHour': '8:00 AM - 8:00 PM', 'TradingHourForDisplay': 'Thu: 0800-2000'}, {'Day': 'Friday', 'OpenHour': '8:00 AM - 8:00 PM', 'TradingHourForDisplay': 'Fri: 0800-2000'}, {'Day': 'Saturday', 'OpenHour': '7:00 AM - 12:00 AM', 'TradingHourForDisplay': 'Sat: 0700-0000'}, {'Day': 'Sunday', 'OpenHour': '7:00 AM - 12:00 AM', 'TradingHourForDisplay': 'Sun: 0700-0000'}, {'Day': 'Monday', 'OpenHour': '7:00 AM - 12:00 AM', 'TradingHourForDisplay': 'Mon: 0700-0000'}], 'Facilities': ['Seafood', 'Pick up', 'Australia Post Parcel Locker', 'Liquor (Adjacent BWS)', 'Click and Collect']}",0.88,0.88,0.88,0.88,5,5,5,5,False,False,True,True,True,False,False,True,True,True,True,False,False,False
25,"{'Division': 'SUPERMARKETS', 'StoreNo': '3108', 'Name': 'Boronia Junction', 'AddressLine1': '127 Boronia Road', 'AddressLine2': None, 'Suburb': 'Boronia', 'State': 'VIC', 'Postcode': '3155', 'Latitude': '-37.861294', 'Longitude': '145.284807', 'GeoLevel': '0', 'Distance': '10.37', 'Phone': '(03) 8756 2404', 'GMTZone': '11:0', 'TradingHours': [{'Day': 'Today', 'OpenHour': '6:00 AM - 12:00 AM', 'TradingHourForDisplay': 'Mon: 0600-0000'}, {'Day': 'Tomorrow', 'OpenHour': '8:00 AM - 12:00 AM', 'TradingHourForDisplay': 'Tue: 0800-0000'}, {'Day': 'Wednesday', 'OpenHour': '8:00 AM - 8:00 PM', 'TradingHourForDisplay': 'Wed: 0800-2000'}, {'Day': 'Thursday', 'OpenHour': '8:00 AM - 8:00 PM', 'TradingHourForDisplay': 'Thu: 0800-2000'}, {'Day': 'Friday', 'OpenHour': '8:00 AM - 8:00 PM', 'TradingHourForDisplay': 'Fri: 0800-2000'}, {'Day': 'Saturday', 'OpenHour': '6:00 AM - 12:00 AM', 'TradingHourForDisplay': 'Sat: 0600-0000'}, {'Day': 'Sunday', 'OpenHour': '6:00 AM - 12:00 AM', 'TradingHourForDisplay': 'Sun: 0600-0000'}, {'Day': 'Monday', 'OpenHour': '6:00 AM - 12:00 AM', 'TradingHourForDisplay': 'Mon: 0600-0000'}], 'Facilities': ['Pick up', 'Seafood', 'Liquor (Adjacent BWS)', 'Cut on Demand', 'Click and Collect']}",0.88,0.88,0.88,0.88,5,5,5,5,False,False,True,True,True,False,False,True,True,True,True,False,False,False
26,"{'Division': 'SUPERMARKETS', 'StoreNo': '3128', 'Name': 'Doncaster', 'AddressLine1': '958 - 978 Doncaster Road', 'AddressLine2': None, 'Suburb': 'Doncaster', 'State': 'VIC', 'Postcode': '3108', 'Latitude': '-37.78926478', 'Longitude': '145.1582878', 'GeoLevel': '0', 'Distance': '10.39', 'Phone': '(03) 8841 7612', 'GMTZone': '11:0', 'TradingHours': [{'Day': 'Today', 'OpenHour': '7:00 AM - 11:00 PM', 'TradingHourForDisplay': 'Mon: 0700-2300'}, {'Day': 'Tomorrow', 'OpenHour': '8:00 AM - 11:00 PM', 'TradingHourForDisplay': 'Tue: 0800-2300'}, {'Day': 'Wednesday', 'OpenHour': '8:00 AM - 8:00 PM', 'TradingHourForDisplay': 'Wed: 0800-2000'}, {'Day': 'Thursday', 'OpenHour': '8:00 AM - 8:00 PM', 'TradingHourForDisplay': 'Thu: 0800-2000'}, {'Day': 'Friday', 'OpenHour': '8:00 AM - 8:00 PM', 'TradingHourForDisplay': 'Fri: 0800-2000'}, {'Day': 'Saturday', 'OpenHour': '7:00 AM - 11:00 PM', 'TradingHourForDisplay': 'Sat: 0700-2300'}, {'Day': 'Sunday', 'OpenHour': '7:00 AM - 11:00 PM', 'TradingHourForDisplay': 'Sun: 0700-2300'}, {'Day': 'Monday', 'OpenHour': '7:00 AM - 11:00 PM', 'TradingHourForDisplay': 'Mon: 0700-2300'}], 'Facilities': ['Pick up', 'Seafood', 'Liquor (Adjacent BWS)', 'Click and Collect']}",0.0,0.0,0.0,0.0,0,0,0,0,False,True,False,False,False,False,False,False,False,False,False,False,False,False
27,"{'Division': 'SUPERMARKETS', 'StoreNo': '3127', 'Name': 'Balwyn', 'AddressLine1': 'Cnr Whitehorse Road And Mangan Street', 'AddressLine2': None, 'Suburb': 'Balwyn', 'State': 'VIC', 'Postcode': '3103', 'Latitude': '-37.813008', 'Longitude': '145.08271', 'GeoLevel': '0', 'Distance': '10.85', 'Phone': '(03) 8347 5864', 'GMTZone': '11:0', 'TradingHours': [{'Day': 'Today', 'OpenHour': '7:00 AM - 11:00 PM', 'TradingHourForDisplay': 'Mon: 0700-2300'}, {'Day': 'Tomorrow', 'OpenHour': '8:00 AM - 11:00 PM', 'TradingHourForDisplay': 'Tue: 0800-2300'}, {'Day': 'Wednesday', 'OpenHour': '8:00 AM - 8:00 PM', 'TradingHourForDisplay': 'Wed: 0800-2000'}, {'Day': 'Thursday', 'OpenHour': '8:00 AM - 8:00 PM', 'TradingHourForDisplay': 'Thu: 0800-2000'}, {'Day': 'Friday', 'OpenHour': '8:00 AM - 8:00 PM', 'TradingHourForDisplay': 'Fri: 0800-2000'}, {'Day': 'Saturday', 'OpenHour': '7:00 AM - 11:00 PM', 'TradingHourForDisplay': 'Sat: 0700-2300'}, {'Day': 'Sunday', 'OpenHour': '7:00 AM - 11:00 PM', 'TradingHourForDisplay': 'Sun: 0700-2300'}, {'Day': 'Monday', 'OpenHour': '7:00 AM - 11:00 PM', 'TradingHourForDisplay': 'Mon: 0700-2300'}], 'Facilities': ['Quiet Hour', 'Liquor (Adjacent BWS)', 'Pick up', 'Seafood', 'Cut on Demand', 'Click and Collect']}",0.0,0.0,0.0,0.0,0,0,0,0,False,True,False,False,False,False,False,False,False,False,False,False,False,False
28,"{'Division': 'SUPERMARKETS', 'StoreNo': '3143', 'Name': 'Ferntree Gully', 'AddressLine1': '1038-1042 Burwood Highway', 'AddressLine2': None, 'Suburb': 'Ferntree Gully', 'State': 'VIC', 'Postcode': '3156', 'Latitude': '-37.88864396', 'Longitude': '145.294867', 'GeoLevel': '0', 'Distance': '11.01', 'Phone': '(03) 8756 2416', 'GMTZone': '11:0', 'TradingHours': [{'Day': 'Today', 'OpenHour': '6:00 AM - 11:00 PM', 'TradingHourForDisplay': 'Mon: 0600-2300'}, {'Day': 'Tomorrow', 'OpenHour': '8:00 AM - 11:00 PM', 'TradingHourForDisplay': 'Tue: 0800-2300'}, {'Day': 'Wednesday', 'OpenHour': '8:00 AM - 8:00 PM', 'TradingHourForDisplay': 'Wed: 0800-2000'}, {'Day': 'Thursday', 'OpenHour': '8:00 AM - 8:00 PM', 'TradingHourForDisplay': 'Thu: 0800-2000'}, {'Day': 'Friday', 'OpenHour': '8:00 AM - 8:00 PM', 'TradingHourForDisplay': 'Fri: 0800-2000'}, {'Day': 'Saturday', 'OpenHour': '6:00 AM - 11:00 PM', 'TradingHourForDisplay': 'Sat: 0600-2300'}, {'Day': 'Sunday', 'OpenHour': '6:00 AM - 11:00 PM', 'TradingHourForDisplay': 'Sun: 0600-2300'}, {'Day': 'Monday', 'OpenHour': '6:00 AM - 11:00 PM', 'TradingHourForDisplay': 'Mon: 0600-2300'}], 'Facilities': ['Pick up - Drive Up', 'eBay Online Order Collection', 'Pick up', 'Seafood', 'Liquor (Adjacent BWS)', 'EziBuy Online Order Collection', 'Cut on Demand', 'Click and Collect']}",0.88,0.88,0.88,0.88,5,5,5,5,False,False,True,True,True,False,False,True,True,True,True,False,False,False
29,"{'Division': 'SUPERMARKETS', 'StoreNo': '3317', 'Name': 'Doncaster Shopping Town', 'AddressLine1': 'Westfield Doncaster Shopping Town, 619 Doncaster Road', 'AddressLine2': None, 'Suburb': 'Doncaster', 'State': 'VIC', 'Postcode': '3108', 'Latitude': '-37.78697024', 'Longitude': '145.12652944', 'GeoLevel': '0', 'Distance': '11.26', 'Phone': '(03) 8347 6605', 'GMTZone': '11:0', 'TradingHours': [{'Day': 'Today', 'OpenHour': '7:00 AM - 10:00 PM', 'TradingHourForDisplay': 'Mon: 0700-2200'}, {'Day': 'Tomorrow', 'OpenHour': '8:00 AM - 10:00 PM', 'TradingHourForDisplay': 'Tue: 0800-2200'}, {'Day': 'Wednesday', 'OpenHour': '8:00 AM - 8:00 PM', 'TradingHourForDisplay': 'Wed: 0800-2000'}, {'Day': 'Thursday', 'OpenHour': '8:00 AM - 8:00 PM', 'TradingHourForDisplay': 'Thu: 0800-2000'}, {'Day': 'Friday', 'OpenHour': '8:00 AM - 8:00 PM', 'TradingHourForDisplay': 'Fri: 0800-2000'}, {'Day': 'Saturday', 'OpenHour': '7:00 AM - 10:00 PM', 'TradingHourForDisplay': 'Sat: 0700-2200'}, {'Day': 'Sunday', 'OpenHour': '7:00 AM - 10:00 PM', 'TradingHourForDisplay': 'Sun: 0700-2200'}, {'Day': 'Monday', 'OpenHour': '7:00 AM - 10:00 PM', 'TradingHourForDisplay': 'Mon: 0700-2200'}], 'Facilities': ['Seafood', 'Liquor (Adjacent BWS)', 'Quiet Hour', 'Pick up', 'Click and Collect']}",0.88,0.88,0.88,0.88,5,5,5,5,False,False,True,True,True,False,False,True,True,True,True,False,False,False
30,"{'Division': 'SUPERMARKETS', 'StoreNo': '3153', 'Name': 'Glen Huntly', 'AddressLine1': 'Cnr Glen Huntly Road And Manchester Grove', 'AddressLine2': None, 'Suburb': 'Glen Huntly', 'State': 'VIC', 'Postcode': '3163', 'Latitude': '-37.889239', 'Longitude': '145.040629', 'GeoLevel': '0', 'Distance': '11.35', 'Phone': '(03) 8347 5879', 'GMTZone': '11:0', 'TradingHours': [{'Day': 'Today', 'OpenHour': '6:00 AM - 11:00 PM', 'TradingHourForDisplay': 'Mon: 0600-2300'}, {'Day': 'Tomorrow', 'OpenHour': '8:00 AM - 11:00 PM', 'TradingHourForDisplay': 'Tue: 0800-2300'}, {'Day': 'Wednesday', 'OpenHour': '8:00 AM - 8:00 PM', 'TradingHourForDisplay': 'Wed: 0800-2000'}, {'Day': 'Thursday', 'OpenHour': '8:00 AM - 8:00 PM', 'TradingHourForDisplay': 'Thu: 0800-2000'}, {'Day': 'Friday', 'OpenHour': '8:00 AM - 8:00 PM', 'TradingHourForDisplay': 'Fri: 0800-2000'}, {'Day': 'Saturday', 'OpenHour': '6:00 AM - 11:00 PM', 'TradingHourForDisplay': 'Sat: 0600-2300'}, {'Day': 'Sunday', 'OpenHour': '6:00 AM - 11:00 PM', 'TradingHourForDisplay': 'Sun: 0600-2300'}, {'Day': 'Monday', 'OpenHour': '6:00 AM - 11:00 PM', 'TradingHourForDisplay': 'Mon: 0600-2300'}], 'Facilities': ['Australia Post Parcel Locker', 'Seafood', 'Liquor (Adjacent BWS)', 'Pick up', 'Cut on Demand', 'Click and Collect']}",0.0,0.0,0.0,0.0,0,0,0,0,False,True,False,False,False,False,False,False,False,False,False,False,False,False
31,"{'Division': 'SUPERMARKETS', 'StoreNo': '3221', 'Name': 'Camberwell', 'AddressLine1': '5-57 Station Street', 'AddressLine2': None, 'Suburb': 'Camberwell', 'State': 'VIC', 'Postcode': '3124', 'Latitude': '-37.829904', 'Longitude': '145.058286', 'GeoLevel': '0', 'Distance': '11.39', 'Phone': '(03) 8347 6509', 'GMTZone': '11:0', 'TradingHours': [{'Day': 'Today', 'OpenHour': '6:00 AM - 12:00 AM', 'TradingHourForDisplay': 'Mon: 0600-0000'}, {'Day': 'Tomorrow', 'OpenHour': '8:00 AM - 12:00 AM', 'TradingHourForDisplay': 'Tue: 0800-0000'}, {'Day': 'Wednesday', 'OpenHour': '8:00 AM - 8:00 PM', 'TradingHourForDisplay': 'Wed: 0800-2000'}, {'Day': 'Thursday', 'OpenHour': '8:00 AM - 8:00 PM', 'TradingHourForDisplay': 'Thu: 0800-2000'}, {'Day': 'Friday', 'OpenHour': '8:00 AM - 8:00 PM', 'TradingHourForDisplay': 'Fri: 0800-2000'}, {'Day': 'Saturday', 'OpenHour': '6:00 AM - 12:00 AM', 'TradingHourForDisplay': 'Sat: 0600-0000'}, {'Day': 'Sunday', 'OpenHour': '6:00 AM - 12:00 AM', 'TradingHourForDisplay': 'Sun: 0600-0000'}, {'Day': 'Monday', 'OpenHour': '6:00 AM - 12:00 AM', 'TradingHourForDisplay': 'Mon: 0600-0000'}], 'Facilities': ['WiFi', 'Liquor (Adjacent BWS)', 'Sushi Bar', 'Seafood', 'Cut on Demand', 'Pick up - Drive Up', 'Pick up', 'Click and Collect']}",0.88,0.88,0.88,0.88,5,5,5,5,False,False,True,True,True,False,False,True,True,True,True,False,False,False
32,"{'Division': 'SUPERMARKETS', 'StoreNo': '3109', 'Name': 'Dingley', 'AddressLine1': '89 Centre Dandenong Road', 'AddressLine2': None, 'Suburb': 'Dingley Village', 'State': 'VIC', 'Postcode': '3172', 'Latitude': '-37.983564', 'Longitude': '145.132809', 'GeoLevel': '0', 'Distance': '11.72', 'Phone': '(03) 8551 8756', 'GMTZone': '11:0', 'TradingHours': [{'Day': 'Today', 'OpenHour': '7:00 AM - 10:00 PM', 'TradingHourForDisplay': 'Mon: 0700-2200'}, {'Day': 'Tomorrow', 'OpenHour': '8:00 AM - 10:00 PM', 'TradingHourForDisplay': 'Tue: 0800-2200'}, {'Day': 'Wednesday', 'OpenHour': '8:00 AM - 8:00 PM', 'TradingHourForDisplay': 'Wed: 0800-2000'}, {'Day': 'Thursday', 'OpenHour': '8:00 AM - 8:00 PM', 'TradingHourForDisplay': 'Thu: 0800-2000'}, {'Day': 'Friday', 'OpenHour': '8:00 AM - 8:00 PM', 'TradingHourForDisplay': 'Fri: 0800-2000'}, {'Day': 'Saturday', 'OpenHour': '7:00 AM - 10:00 PM', 'TradingHourForDisplay': 'Sat: 0700-2200'}, {'Day': 'Sunday', 'OpenHour': '7:00 AM - 10:00 PM', 'TradingHourForDisplay': 'Sun: 0700-2200'}, {'Day': 'Monday', 'OpenHour': '7:00 AM - 10:00 PM', 'TradingHourForDisplay': 'Mon: 0700-2200'}], 'Facilities': ['WiFi', 'Cut on Demand', 'Seafood', 'Australia Post Parcel Locker', 'Pick up', 'Liquor (Adjacent BWS)', 'Click and Collect']}",0.88,0.88,0.88,0.88,5,5,5,5,False,False,True,True,True,False,False,True,True,True,True,False,False,False
33,"{'Division': 'SUPERMARKETS', 'StoreNo': '3110', 'Name': 'Bentleigh', 'AddressLine1': '524 Centre Road', 'AddressLine2': None, 'Suburb': 'Bentleigh', 'State': 'VIC', 'Postcode': '3204', 'Latitude': '-37.919411', 'Longitude': '145.042048', 'GeoLevel': '0', 'Distance': '11.94', 'Phone': '(03) 8347 5855', 'GMTZone': '11:0', 'TradingHours': [{'Day': 'Today', 'OpenHour': '7:00 AM - 12:00 AM', 'TradingHourForDisplay': 'Mon: 0700-0000'}, {'Day': 'Tomorrow', 'OpenHour': '8:00 AM - 12:00 AM', 'TradingHourForDisplay': 'Tue: 0800-0000'}, {'Day': 'Wednesday', 'OpenHour': '8:00 AM - 8:00 PM', 'TradingHourForDisplay': 'Wed: 0800-2000'}, {'Day': 'Thursday', 'OpenHour': '8:00 AM - 8:00 PM', 'TradingHourForDisplay': 'Thu: 0800-2000'}, {'Day': 'Friday', 'OpenHour': '8:00 AM - 8:00 PM', 'TradingHourForDisplay': 'Fri: 0800-2000'}, {'Day': 'Saturday', 'OpenHour': '7:00 AM - 12:00 AM', 'TradingHourForDisplay': 'Sat: 0700-0000'}, {'Day': 'Sunday', 'OpenHour': '7:00 AM - 12:00 AM', 'TradingHourForDisplay': 'Sun: 0700-0000'}, {'Day': 'Monday', 'OpenHour': '7:00 AM - 12:00 AM', 'TradingHourForDisplay': 'Mon: 0700-0000'}], 'Facilities': ['EziBuy Online Order Collection', 'Liquor (Adjacent BWS)', 'Seafood', 'eBay Online Order Collection', 'Pick up', 'Click and Collect']}",0.88,0.88,0.88,0.88,5,5,5,5,False,False,True,True,True,False,False,True,True,True,True,False,False,False
34,"{'Division': 'SUPERMARKETS', 'StoreNo': '3964', 'Name': 'Hawthorn East', 'AddressLine1': '742 Toorak Rd, Hawthorn East', 'AddressLine2': None, 'Suburb': 'Hawthorn East', 'State': 'VIC', 'Postcode': '3123', 'Latitude': '-37.84519', 'Longitude': '145.04138', 'GeoLevel': '0', 'Distance': '12', 'Phone': '(03) 9624 6225', 'GMTZone': '11:0', 'TradingHours': [{'Day': 'Today', 'OpenHour': '6:00 AM - 12:00 AM', 'TradingHourForDisplay': 'Mon: 0600-0000'}, {'Day': 'Tomorrow', 'OpenHour': '8:00 AM - 12:00 AM', 'TradingHourForDisplay': 'Tue: 0800-0000'}, {'Day': 'Wednesday', 'OpenHour': '8:00 AM - 8:00 PM', 'TradingHourForDisplay': 'Wed: 0800-2000'}, {'Day': 'Thursday', 'OpenHour': '8:00 AM - 8:00 PM', 'TradingHourForDisplay': 'Thu: 0800-2000'}, {'Day': 'Friday', 'OpenHour': '8:00 AM - 8:00 PM', 'TradingHourForDisplay': 'Fri: 0800-2000'}, {'Day': 'Saturday', 'OpenHour': '6:00 AM - 12:00 AM', 'TradingHourForDisplay': 'Sat: 0600-0000'}, {'Day': 'Sunday', 'OpenHour': '6:00 AM - 12:00 AM', 'TradingHourForDisplay': 'Sun: 0600-0000'}, {'Day': 'Monday', 'OpenHour': '6:00 AM - 12:00 AM', 'TradingHourForDisplay': 'Mon: 0600-0000'}], 'Facilities': ['Liquor (Adjacent BWS)', 'Pick up', 'Pick up - Drive Thru', 'Australia Post Parcel Locker', 'Seafood', 'Scan-N-Go', 'Click and Collect', 'Click and Collect - Drive Thru']}",0.0,0.0,0.0,0.0,0,0,0,0,False,True,False,False,False,False,False,False,False,False,False,False,False,False
35,"{'Division': 'SUPERMARKETS', 'StoreNo': '3371', 'Name': 'Keysborough', 'AddressLine1': '317 Cheltenham Road', 'AddressLine2': None, 'Suburb': 'Keysborough', 'State': 'VIC', 'Postcode': '3173', 'Latitude': '-37.993373', 'Longitude': '145.172353', 'GeoLevel': '0', 'Distance': '12.35', 'Phone': '(03) 8793 3367', 'GMTZone': '11:0', 'TradingHours': [{'Day': 'Today', 'OpenHour': '7:00 AM - 12:00 AM', 'TradingHourForDisplay': 'Mon: 0700-0000'}, {'Day': 'Tomorrow', 'OpenHour': '8:00 AM - 12:00 AM', 'TradingHourForDisplay': 'Tue: 0800-0000'}, {'Day': 'Wednesday', 'OpenHour': '8:00 AM - 8:00 PM', 'TradingHourForDisplay': 'Wed: 0800-2000'}, {'Day': 'Thursday', 'OpenHour': '8:00 AM - 8:00 PM', 'TradingHourForDisplay': 'Thu: 0800-2000'}, {'Day': 'Friday', 'OpenHour': '8:00 AM - 8:00 PM', 'TradingHourForDisplay': 'Fri: 0800-2000'}, {'Day': 'Saturday', 'OpenHour': '7:00 AM - 12:00 AM', 'TradingHourForDisplay': 'Sat: 0700-0000'}, {'Day': 'Sunday', 'OpenHour': '7:00 AM - 12:00 AM', 'TradingHourForDisplay': 'Sun: 0700-0000'}, {'Day': 'Monday', 'OpenHour': '7:00 AM - 12:00 AM', 'TradingHourForDisplay': 'Mon: 0700-0000'}], 'Facilities': ['Liquor (Adjacent BWS)', 'Seafood', 'Pick up', 'Click and Collect']}",0.88,0.88,0.88,0.88,5,5,5,5,False,False,True,True,True,False,False,True,True,True,True,False,False,False
36,"{'Division': 'SUPERMARKETS', 'StoreNo': '3349', 'Name': 'Dandenong', 'AddressLine1': 'Dandenong Plaza, Cnr Mccrae & Foster Street', 'AddressLine2': None, 'Suburb': 'Dandenong', 'State': 'VIC', 'Postcode': '3175', 'Latitude': '-37.98862496', 'Longitude': '145.218059', 'GeoLevel': '0', 'Distance': '12.56', 'Phone': '(03) 8793 3364', 'GMTZone': '11:0', 'TradingHours': [{'Day': 'Today', 'OpenHour': '7:00 AM - 10:00 PM', 'TradingHourForDisplay': 'Mon: 0700-2200'}, {'Day': 'Tomorrow', 'OpenHour': '8:00 AM - 10:00 PM', 'TradingHourForDisplay': 'Tue: 0800-2200'}, {'Day': 'Wednesday', 'OpenHour': '8:00 AM - 8:00 PM', 'TradingHourForDisplay': 'Wed: 0800-2000'}, {'Day': 'Thursday', 'OpenHour': '8:00 AM - 8:00 PM', 'TradingHourForDisplay': 'Thu: 0800-2000'}, {'Day': 'Friday', 'OpenHour': '8:00 AM - 8:00 PM', 'TradingHourForDisplay': 'Fri: 0800-2000'}, {'Day': 'Saturday', 'OpenHour': '7:00 AM - 10:00 PM', 'TradingHourForDisplay': 'Sat: 0700-2200'}, {'Day': 'Sunday', 'OpenHour': '7:00 AM - 10:00 PM', 'TradingHourForDisplay': 'Sun: 0700-2200'}, {'Day': 'Monday', 'OpenHour': '7:00 AM - 10:00 PM', 'TradingHourForDisplay': 'Mon: 0700-2200'}], 'Facilities': ['Pick up', 'Liquor (Adjacent BWS)', 'Click and Collect']}",0.0,0.0,0.0,0.0,0,0,0,0,False,False,True,False,False,False,False,False,False,False,False,False,False,False
37,"{'Division': 'SUPERMARKETS', 'StoreNo': '3162', 'Name': 'Malvern', 'AddressLine1': '112-114 Wattletree Road', 'AddressLine2': None, 'Suburb': 'Malvern', 'State': 'VIC', 'Postcode': '3144', 'Latitude': '-37.862272', 'Longitude': '145.027382', 'GeoLevel': '0', 'Distance': '12.69', 'Phone': '(03) 8347 5888', 'GMTZone': '11:0', 'TradingHours': [{'Day': 'Today', 'OpenHour': '7:00 AM - 10:00 PM', 'TradingHourForDisplay': 'Mon: 0700-2200'}, {'Day': 'Tomorrow', 'OpenHour': '8:00 AM - 10:00 PM', 'TradingHourForDisplay': 'Tue: 0800-2200'}, {'Day': 'Wednesday', 'OpenHour': '8:00 AM - 8:00 PM', 'TradingHourForDisplay': 'Wed: 0800-2000'}, {'Day': 'Thursday', 'OpenHour': '8:00 AM - 8:00 PM', 'TradingHourForDisplay': 'Thu: 0800-2000'}, {'Day': 'Friday', 'OpenHour': '8:00 AM - 8:00 PM', 'TradingHourForDisplay': 'Fri: 0800-2000'}, {'Day': 'Saturday', 'OpenHour': '7:00 AM - 10:00 PM', 'TradingHourForDisplay': 'Sat: 0700-2200'}, {'Day': 'Sunday', 'OpenHour': '7:00 AM - 10:00 PM', 'TradingHourForDisplay': 'Sun: 0700-2200'}, {'Day': 'Monday', 'OpenHour': '7:00 AM - 10:00 PM', 'TradingHourForDisplay': 'Mon: 0700-2200'}], 'Facilities': ['Seafood', 'Pick up', 'Sushi Bar', 'EziBuy Online Order Collection', 'eBay Online Order Collection', 'Liquor (Adjacent BWS)', 'Click and Collect']}",0.88,0.88,0.88,0.88,5,5,5,5,False,False,True,True,True,False,False,True,True,True,True,False,False,False
38,"{'Division': 'SUPERMARKETS', 'StoreNo': '3161', 'Name': 'Moorabbin', 'AddressLine1': 'Cnr Redholme Street And South Road', 'AddressLine2': None, 'Suburb': 'Moorabbin', 'State': 'VIC', 'Postcode': '3189', 'Latitude': '-37.93362599', 'Longitude': '145.039638', 'GeoLevel': '0', 'Distance': '12.76', 'Phone': '(03) 8347 5885', 'GMTZone': '11:0', 'TradingHours': [{'Day': 'Today', 'OpenHour': '7:00 AM - 11:00 PM', 'TradingHourForDisplay': 'Mon: 0700-2300'}, {'Day': 'Tomorrow', 'OpenHour': '8:00 AM - 11:00 PM', 'TradingHourForDisplay': 'Tue: 0800-2300'}, {'Day': 'Wednesday', 'OpenHour': '8:00 AM - 8:00 PM', 'TradingHourForDisplay': 'Wed: 0800-2000'}, {'Day': 'Thursday', 'OpenHour': '8:00 AM - 8:00 PM', 'TradingHourForDisplay': 'Thu: 0800-2000'}, {'Day': 'Friday', 'OpenHour': '8:00 AM - 8:00 PM', 'TradingHourForDisplay': 'Fri: 0800-2000'}, {'Day': 'Saturday', 'OpenHour': '7:00 AM - 11:00 PM', 'TradingHourForDisplay': 'Sat: 0700-2300'}, {'Day': 'Sunday', 'OpenHour': '7:00 AM - 11:00 PM', 'TradingHourForDisplay': 'Sun: 0700-2300'}, {'Day': 'Monday', 'OpenHour': '7:00 AM - 11:00 PM', 'TradingHourForDisplay': 'Mon: 0700-2300'}], 'Facilities': ['Sushi Bar', 'Australia Post Parcel Locker', 'Cut on Demand', 'Seafood', 'Pick up', 'Liquor (Adjacent BWS)', 'Click and Collect']}",0.88,0.88,0.88,0.88,5,5,5,5,False,False,True,True,True,False,False,True,True,True,True,False,False,False
39,"{'Division': 'SUPERMARKETS', 'StoreNo': '3168', 'Name': 'Endeavour Hills', 'AddressLine1': 'Endeavour Hills Shopping Centre, Cnr Heatherton Road & Matthew Flinders Dr', 'AddressLine2': None, 'Suburb': 'Endeavour Hills', 'State': 'VIC', 'Postcode': '3802', 'Latitude': '-37.974963', 'Longitude': '145.258132', 'GeoLevel': '0', 'Distance': '12.9', 'Phone': '(03) 8793 3346', 'GMTZone': '11:0', 'TradingHours': [{'Day': 'Today', 'OpenHour': '7:00 AM - 11:00 PM', 'TradingHourForDisplay': 'Mon: 0700-2300'}, {'Day': 'Tomorrow', 'OpenHour': '8:00 AM - 11:00 PM', 'TradingHourForDisplay': 'Tue: 0800-2300'}, {'Day': 'Wednesday', 'OpenHour': '8:00 AM - 8:00 PM', 'TradingHourForDisplay': 'Wed: 0800-2000'}, {'Day': 'Thursday', 'OpenHour': '8:00 AM - 8:00 PM', 'TradingHourForDisplay': 'Thu: 0800-2000'}, {'Day': 'Friday', 'OpenHour': '8:00 AM - 8:00 PM', 'TradingHourForDisplay': 'Fri: 0800-2000'}, {'Day': 'Saturday', 'OpenHour': '7:00 AM - 10:00 PM', 'TradingHourForDisplay': 'Sat: 0700-2200'}, {'Day': 'Sunday', 'OpenHour': '7:00 AM - 10:00 PM', 'TradingHourForDisplay': 'Sun: 0700-2200'}, {'Day': 'Monday', 'OpenHour': '7:00 AM - 11:00 PM', 'TradingHourForDisplay': 'Mon: 0700-2300'}], 'Facilities': ['Pick up', 'Quiet Hour', 'Pick up - Drive Up', 'Click and Collect']}",0.0,0.0,0.0,0.0,0,0,0,0,False,True,False,False,False,False,False,False,False,False,False,False,False,False
40,"{'Division': 'SUPERMARKETS', 'StoreNo': '3155', 'Name': 'Templestowe', 'AddressLine1': '19/325 Manningham Rd', 'AddressLine2': None, 'Suburb': 'Templestowe', 'State': 'VIC', 'Postcode': '3106', 'Latitude': '-37.77300648', 'Longitude': '145.11381966', 'GeoLevel': '0', 'Distance': '13.11', 'Phone': '(03) 8347 6575', 'GMTZone': '11:0', 'TradingHours': [{'Day': 'Today', 'OpenHour': '7:00 AM - 12:00 AM', 'TradingHourForDisplay': 'Mon: 0700-0000'}, {'Day': 'Tomorrow', 'OpenHour': '8:00 AM - 12:00 AM', 'TradingHourForDisplay': 'Tue: 0800-0000'}, {'Day': 'Wednesday', 'OpenHour': '8:00 AM - 8:00 PM', 'TradingHourForDisplay': 'Wed: 0800-2000'}, {'Day': 'Thursday', 'OpenHour': '8:00 AM - 8:00 PM', 'TradingHourForDisplay': 'Thu: 0800-2000'}, {'Day': 'Friday', 'OpenHour': '8:00 AM - 8:00 PM', 'TradingHourForDisplay': 'Fri: 0800-2000'}, {'Day': 'Saturday', 'OpenHour': '7:00 AM - 12:00 AM', 'TradingHourForDisplay': 'Sat: 0700-0000'}, {'Day': 'Sunday', 'OpenHour': '7:00 AM - 12:00 AM', 'TradingHourForDisplay': 'Sun: 0700-0000'}, {'Day': 'Monday', 'OpenHour': '7:00 AM - 12:00 AM', 'TradingHourForDisplay': 'Mon: 0700-0000'}], 'Facilities': ['Cut on Demand', 'Liquor (Adjacent BWS)', 'Quiet Hour', 'Seafood', 'Pick up', 'Currently being renovated', 'Click and Collect']}",0.88,0.88,0.88,0.88,5,5,5,5,False,False,True,True,True,False,False,True,True,True,True,False,False,False
41,"{'Division': 'SUPERMARKETS', 'StoreNo': '3819', 'Name': 'Armadale (Metro)', 'AddressLine1': '1068 High Street', 'AddressLine2': None, 'Suburb': 'Armadale', 'State': 'VIC', 'Postcode': '3143', 'Latitude': '-37.855993', 'Longitude': '145.022877', 'GeoLevel': '0', 'Distance': '13.22', 'Phone': '(03) 8347 6617', 'GMTZone': '11:0', 'TradingHours': [{'Day': 'Today', 'OpenHour': '7:00 AM - 10:00 PM', 'TradingHourForDisplay': 'Mon: 0700-2200'}, {'Day': 'Tomorrow', 'OpenHour': '7:00 AM - 10:00 PM', 'TradingHourForDisplay': 'Tue: 0700-2200'}, {'Day': 'Wednesday', 'OpenHour': '7:00 AM - 10:00 PM', 'TradingHourForDisplay': 'Wed: 0700-2200'}, {'Day': 'Thursday', 'OpenHour': '7:00 AM - 10:00 PM', 'TradingHourForDisplay': 'Thu: 0700-2200'}, {'Day': 'Friday', 'OpenHour': '7:00 AM - 10:00 PM', 'TradingHourForDisplay': 'Fri: 0700-2200'}, {'Day': 'Saturday', 'OpenHour': '7:00 AM - 10:00 PM', 'TradingHourForDisplay': 'Sat: 0700-2200'}, {'Day': 'Sunday', 'OpenHour': '8:00 AM - 10:00 PM', 'TradingHourForDisplay': 'Sun: 0800-2200'}, {'Day': 'Monday', 'OpenHour': '7:00 AM - 10:00 PM', 'TradingHourForDisplay': 'Mon: 0700-2200'}], 'Facilities': ['WiFi', 'Cut on Demand', 'Convenience Store', 'Pick up', 'Liquor (Adjacent BWS)', 'Metro', 'Coffee Shop', 'Click and Collect']}",0.0,0.0,0.0,0.0,0,0,0,0,False,False,True,False,False,False,False,False,False,False,False,False,False,False
42,"{'Division': 'SUPERMARKETS', 'StoreNo': '3336', 'Name': 'Southland (Cheltenham)', 'AddressLine1': '1239 Nepean Highway', 'AddressLine2': None, 'Suburb': 'Cheltenham', 'State': 'VIC', 'Postcode': '3192', 'Latitude': '-37.95905366', 'Longitude': '145.0539283', 'GeoLevel': '0', 'Distance': '13.27', 'Phone': '(03) 8551 8777', 'GMTZone': '11:0', 'TradingHours': [{'Day': 'Today', 'OpenHour': '7:00 AM - 10:00 PM', 'TradingHourForDisplay': 'Mon: 0700-2200'}, {'Day': 'Tomorrow', 'OpenHour': '8:00 AM - 10:00 PM', 'TradingHourForDisplay': 'Tue: 0800-2200'}, {'Day': 'Wednesday', 'OpenHour': '8:00 AM - 8:00 PM', 'TradingHourForDisplay': 'Wed: 0800-2000'}, {'Day': 'Thursday', 'OpenHour': '8:00 AM - 8:00 PM', 'TradingHourForDisplay': 'Thu: 0800-2000'}, {'Day': 'Friday', 'OpenHour': '8:00 AM - 8:00 PM', 'TradingHourForDisplay': 'Fri: 0800-2000'}, {'Day': 'Saturday', 'OpenHour': '7:00 AM - 10:00 PM', 'TradingHourForDisplay': 'Sat: 0700-2200'}, {'Day': 'Sunday', 'OpenHour': '7:00 AM - 10:00 PM', 'TradingHourForDisplay': 'Sun: 0700-2200'}, {'Day': 'Monday', 'OpenHour': '7:00 AM - 10:00 PM', 'TradingHourForDisplay': 'Mon: 0700-2200'}], 'Facilities': ['Pick up', 'Liquor (Adjacent BWS)', 'Pick up - Drive Thru', 'Seafood', 'Click and Collect', 'Click and Collect - Drive Thru']}",0.0,0.0,0.0,0.0,0,0,0,0,False,True,False,False,False,False,False,False,False,False,False,False,False,False
43,"{'Division': 'SUPERMARKETS', 'StoreNo': '3301', 'Name': 'The Pines (Doncaster East)', 'AddressLine1': 'The Pines Shopping Centre, Cnr Reynolds And Blackburn Road', 'AddressLine2': None, 'Suburb': 'Doncaster East', 'State': 'VIC', 'Postcode': '3109', 'Latitude': '-37.7625316', 'Longitude': '145.16797748', 'GeoLevel': '0', 'Distance': '13.32', 'Phone': '(03) 8841 7630', 'GMTZone': '11:0', 'TradingHours': [{'Day': 'Today', 'OpenHour': '7:00 AM - 10:00 PM', 'TradingHourForDisplay': 'Mon: 0700-2200'}, {'Day': 'Tomorrow', 'OpenHour': '8:00 AM - 10:00 PM', 'TradingHourForDisplay': 'Tue: 0800-2200'}, {'Day': 'Wednesday', 'OpenHour': '8:00 AM - 8:00 PM', 'TradingHourForDisplay': 'Wed: 0800-2000'}, {'Day': 'Thursday', 'OpenHour': '8:00 AM - 8:00 PM', 'TradingHourForDisplay': 'Thu: 0800-2000'}, {'Day': 'Friday', 'OpenHour': '8:00 AM - 8:00 PM', 'TradingHourForDisplay': 'Fri: 0800-2000'}, {'Day': 'Saturday', 'OpenHour': '7:00 AM - 10:00 PM', 'TradingHourForDisplay': 'Sat: 0700-2200'}, {'Day': 'Sunday', 'OpenHour': '7:00 AM - 10:00 PM', 'TradingHourForDisplay': 'Sun: 0700-2200'}, {'Day': 'Monday', 'OpenHour': '7:00 AM - 10:00 PM', 'TradingHourForDisplay': 'Mon: 0700-2200'}], 'Facilities': ['Seafood', 'EziBuy Online Order Collection', 'Liquor (Adjacent BWS)', 'Pick up', 'eBay Online Order Collection', 'Click and Collect']}",0.88,0.88,0.88,0.88,5,5,5,5,False,False,True,True,True,False,False,True,True,True,True,False,False,False
44,"{'Division': 'SUPERMARKETS', 'StoreNo': '3112', 'Name': 'Canterbury Gardens', 'AddressLine1': '17-39 Canterbury Road', 'AddressLine2': None, 'Suburb': 'Bayswater North', 'State': 'VIC', 'Postcode': '3153', 'Latitude': '-37.82226699', 'Longitude': '145.301895', 'GeoLevel': '0', 'Distance': '13.39', 'Phone': '(03) 8756 2407', 'GMTZone': '11:0', 'TradingHours': [{'Day': 'Today', 'OpenHour': '6:00 AM - 11:00 PM', 'TradingHourForDisplay': 'Mon: 0600-2300'}, {'Day': 'Tomorrow', 'OpenHour': '8:00 AM - 11:00 PM', 'TradingHourForDisplay': 'Tue: 0800-2300'}, {'Day': 'Wednesday', 'OpenHour': '8:00 AM - 8:00 PM', 'TradingHourForDisplay': 'Wed: 0800-2000'}, {'Day': 'Thursday', 'OpenHour': '8:00 AM - 8:00 PM', 'TradingHourForDisplay': 'Thu: 0800-2000'}, {'Day': 'Friday', 'OpenHour': '8:00 AM - 8:00 PM', 'TradingHourForDisplay': 'Fri: 0800-2000'}, {'Day': 'Saturday', 'OpenHour': '6:00 AM - 11:00 PM', 'TradingHourForDisplay': 'Sat: 0600-2300'}, {'Day': 'Sunday', 'OpenHour': '6:00 AM - 11:00 PM', 'TradingHourForDisplay': 'Sun: 0600-2300'}, {'Day': 'Monday', 'OpenHour': '6:00 AM - 11:00 PM', 'TradingHourForDisplay': 'Mon: 0600-2300'}], 'Facilities': ['Liquor (Adjacent BWS)', 'Seafood', 'WiFi', 'Pick up', 'Click and Collect']}",0.88,0.88,0.88,0.88,5,5,5,5,False,False,True,True,True,False,False,True,True,True,True,False,False,False
45,"{'Division': 'SUPERMARKETS', 'StoreNo': '3181', 'Name': 'Highett', 'AddressLine1': '284-286 Highett Rd', 'AddressLine2': None, 'Suburb': 'Highett', 'State': 'VIC', 'Postcode': '3190', 'Latitude': '-37.94917185', 'Longitude': '145.0417538', 'GeoLevel': '7', 'Distance': '13.46', 'Phone': '(03) 8347 6637', 'GMTZone': '11:0', 'TradingHours': [{'Day': 'Today', 'OpenHour': '7:00 AM - 11:00 PM', 'TradingHourForDisplay': 'Mon: 0700-2300'}, {'Day': 'Tomorrow', 'OpenHour': '8:00 AM - 11:00 PM', 'TradingHourForDisplay': 'Tue: 0800-2300'}, {'Day': 'Wednesday', 'OpenHour': '8:00 AM - 8:00 PM', 'TradingHourForDisplay': 'Wed: 0800-2000'}, {'Day': 'Thursday', 'OpenHour': '8:00 AM - 8:00 PM', 'TradingHourForDisplay': 'Thu: 0800-2000'}, {'Day': 'Friday', 'OpenHour': '8:00 AM - 8:00 PM', 'TradingHourForDisplay': 'Fri: 0800-2000'}, {'Day': 'Saturday', 'OpenHour': '7:00 AM - 11:00 PM', 'TradingHourForDisplay': 'Sat: 0700-2300'}, {'Day': 'Sunday', 'OpenHour': '7:00 AM - 11:00 PM', 'TradingHourForDisplay': 'Sun: 0700-2300'}, {'Day': 'Monday', 'OpenHour': '7:00 AM - 11:00 PM', 'TradingHourForDisplay': 'Mon: 0700-2300'}], 'Facilities': ['Pick up', 'Quiet Hour', 'Sushi Bar', 'Cut on Demand', 'Click and Collect']}",0.88,0.88,0.88,0.88,5,5,5,5,False,False,True,True,True,False,False,True,True,True,True,False,False,False
46,"{'Division': 'SUPERMARKETS', 'StoreNo': '3805', 'Name': 'Keysborough South', 'AddressLine1': '211-215 Chapel Road', 'AddressLine2': None, 'Suburb': 'Keysborough South', 'State': 'VIC', 'Postcode': '3173', 'Latitude': '-38.003472', 'Longitude': '145.161277', 'GeoLevel': '0', 'Distance': '13.49', 'Phone': '03 8793 3388', 'GMTZone': '11:0', 'TradingHours': [{'Day': 'Today', 'OpenHour': '7:00 AM - 12:00 AM', 'TradingHourForDisplay': 'Mon: 0700-0000'}, {'Day': 'Tomorrow', 'OpenHour': '8:00 AM - 12:00 AM', 'TradingHourForDisplay': 'Tue: 0800-0000'}, {'Day': 'Wednesday', 'OpenHour': '8:00 AM - 8:00 PM', 'TradingHourForDisplay': 'Wed: 0800-2000'}, {'Day': 'Thursday', 'OpenHour': '8:00 AM - 8:00 PM', 'TradingHourForDisplay': 'Thu: 0800-2000'}, {'Day': 'Friday', 'OpenHour': '8:00 AM - 8:00 PM', 'TradingHourForDisplay': 'Fri: 0800-2000'}, {'Day': 'Saturday', 'OpenHour': '7:00 AM - 12:00 AM', 'TradingHourForDisplay': 'Sat: 0700-0000'}, {'Day': 'Sunday', 'OpenHour': '7:00 AM - 12:00 AM', 'TradingHourForDisplay': 'Sun: 0700-0000'}, {'Day': 'Monday', 'OpenHour': '7:00 AM - 12:00 AM', 'TradingHourForDisplay': 'Mon: 0700-0000'}], 'Facilities': ['Seafood', 'Pick up', 'Instore Bakery', 'Pick up - Drive Up', 'Liquor (Adjacent BWS)', 'Click and Collect']}",0.88,0.88,0.88,0.88,5,5,5,5,False,False,True,True,True,False,False,True,True,True,True,False,False,False
47,"{'Division': 'SUPERMARKETS', 'StoreNo': '3216', 'Name': 'Croydon', 'AddressLine1': '224-238 Mount Dandenong Road', 'AddressLine2': None, 'Suburb': 'Croydon', 'State': 'VIC', 'Postcode': '3136', 'Latitude': '-37.799684', 'Longitude': '145.283037', 'GeoLevel': '0', 'Distance': '13.54', 'Phone': '(03) 8756 2428', 'GMTZone': '11:0', 'TradingHours': [{'Day': 'Today', 'OpenHour': '7:00 AM - 10:00 PM', 'TradingHourForDisplay': 'Mon: 0700-2200'}, {'Day': 'Tomorrow', 'OpenHour': '8:00 AM - 10:00 PM', 'TradingHourForDisplay': 'Tue: 0800-2200'}, {'Day': 'Wednesday', 'OpenHour': '8:00 AM - 8:00 PM', 'TradingHourForDisplay': 'Wed: 0800-2000'}, {'Day': 'Thursday', 'OpenHour': '8:00 AM - 8:00 PM', 'TradingHourForDisplay': 'Thu: 0800-2000'}, {'Day': 'Friday', 'OpenHour': '8:00 AM - 8:00 PM', 'TradingHourForDisplay': 'Fri: 0800-2000'}, {'Day': 'Saturday', 'OpenHour': '7:00 AM - 10:00 PM', 'TradingHourForDisplay': 'Sat: 0700-2200'}, {'Day': 'Sunday', 'OpenHour': '7:00 AM - 10:00 PM', 'TradingHourForDisplay': 'Sun: 0700-2200'}, {'Day': 'Monday', 'OpenHour': '7:00 AM - 10:00 PM', 'TradingHourForDisplay': 'Mon: 0700-2200'}], 'Facilities': ['Pick up', 'Liquor (Adjacent BWS)', 'Click and Collect']}",0.88,0.88,0.88,0.88,5,5,5,5,False,False,True,True,True,False,False,True,True,True,True,False,False,False
